{"eval/loss":0.13742376863956451,"eval/steps_per_second":0.591,"eval/accuracy":0.970841006752609,"_step":25,"eval/samples_per_second":9.068,"train/grad_norm":0.02364119328558445,"train_steps_per_second":0.152,"train/learning_rate":6.444444444444445e-06,"_timestamp":1.7534551717964776e+09,"_runtime":5327,"eval/recall":0.8890977443609023,"train_samples_per_second":2.418,"acc":0.970841006752609,"report":{"weighted avg":{"precision":0.8486316295355204,"recall":0.8890977443609023,"f1-score":0.8680397568286248,"support":532},"LOC":{"f1-score":0.9130434782608695,"support":156,"precision":0.8855421686746988,"recall":0.9423076923076923},"MISC":{"recall":0.8095238095238095,"f1-score":0.7692307692307694,"support":105,"precision":0.7327586206896551},"ORG":{"recall":0.8582089552238806,"f1-score":0.8333333333333333,"support":134,"precision":0.8098591549295775},"PER":{"precision":0.9333333333333333,"recall":0.9197080291970803,"f1-score":0.926470588235294,"support":137},"micro avg":{"support":532,"precision":0.8461538461538461,"recall":0.8890977443609023,"f1-score":0.8670944087992667},"macro avg":{"f1-score":0.8605195422650666,"support":532,"precision":0.8403733194068161,"recall":0.8824371215631157}},"eval/precision":0.8486316295355204,"train_runtime":5326.6859,"total_flos":5.8897886401536e+14,"train_loss":0.060743408346617664,"eval/f1":0.8680397568286248,"train/epoch":7,"_wandb":{"runtime":5327},"train/global_step":567,"train/loss":0.0036,"eval/report":{"PER":{"recall":0.9197080291970803,"f1-score":0.926470588235294,"support":137,"precision":0.9333333333333333},"micro avg":{"f1-score":0.8670944087992667,"support":532,"precision":0.8461538461538461,"recall":0.8890977443609023},"macro avg":{"precision":0.8403733194068161,"recall":0.8824371215631157,"f1-score":0.8605195422650666,"support":532},"weighted avg":{"f1-score":0.8680397568286248,"support":532,"precision":0.8486316295355204,"recall":0.8890977443609023},"LOC":{"support":156,"precision":0.8855421686746988,"recall":0.9423076923076923,"f1-score":0.9130434782608695},"MISC":{"precision":0.7327586206896551,"recall":0.8095238095238095,"f1-score":0.7692307692307694,"support":105},"ORG":{"recall":0.8582089552238806,"f1-score":0.8333333333333333,"support":134,"precision":0.8098591549295775}},"eval/runtime":30.4362}