{"train_loss":0.1639439014740932,"train/loss":0.067,"train/grad_norm":1.3554716110229492,"eval/loss":0.1217215433716774,"_step":7,"eval/report":{"micro avg":{"recall":0.8740601503759399,"f1-score":0.837083708370837,"support":532,"precision":0.8031088082901554},"macro avg":{"precision":0.8002908873423227,"recall":0.8685233244621522,"f1-score":0.8322866756277908,"support":532},"weighted avg":{"f1-score":0.8390663931063943,"support":532,"precision":0.8080664806958932,"recall":0.8740601503759399},"LOC":{"f1-score":0.8773006134969324,"support":156,"precision":0.8411764705882353,"recall":0.9166666666666666},"MISC":{"support":105,"precision":0.7024793388429752,"recall":0.8095238095238095,"f1-score":0.7522123893805311},"ORG":{"f1-score":0.7692307692307693,"support":134,"precision":0.7236842105263158,"recall":0.8208955223880597},"PER":{"recall":0.927007299270073,"f1-score":0.9304029304029303,"support":137,"precision":0.9338235294117647}},"_runtime":1820,"report":{"ORG":{"precision":0.7236842105263158,"recall":0.8208955223880597,"f1-score":0.7692307692307693,"support":134},"PER":{"f1-score":0.9304029304029303,"support":137,"precision":0.9338235294117647,"recall":0.927007299270073},"micro avg":{"f1-score":0.837083708370837,"support":532,"precision":0.8031088082901554,"recall":0.8740601503759399},"macro avg":{"f1-score":0.8322866756277908,"support":532,"precision":0.8002908873423227,"recall":0.8685233244621522},"weighted avg":{"f1-score":0.8390663931063943,"support":532,"precision":0.8080664806958932,"recall":0.8740601503759399},"LOC":{"recall":0.9166666666666666,"f1-score":0.8773006134969324,"support":156,"precision":0.8411764705882353},"MISC":{"precision":0.7024793388429752,"recall":0.8095238095238095,"f1-score":0.7522123893805311,"support":105}},"eval/f1":0.8390663931063943,"eval/accuracy":0.9648557397176182,"total_flos":1.6827967543296e+14,"acc":0.9648557397176182,"train/epoch":2,"eval/steps_per_second":0.497,"train_samples_per_second":7.08,"train/learning_rate":1.632098765432099e-05,"_timestamp":1.7534468775266871e+09,"_wandb":{"runtime":1820},"train/global_step":162,"eval/recall":0.8740601503759399,"eval/runtime":36.2377,"eval/samples_per_second":7.616,"eval/precision":0.8080664806958932,"train_steps_per_second":0.445,"train_runtime":1819.176}