{"train/learning_rate":1.8790123456790124e-05,"_runtime":2841,"train/global_step":50,"_step":0,"train/loss":0.6269,"_timestamp":1.753427413934093e+09,"train/grad_norm":1.805040955543518,"train/epoch":0.6172839506172839,"_wandb":{"runtime":2841}}