{"eval/loss":0.15366654098033905,"train/learning_rate":1.014814814814815e-05,"report":{"MISC":{"precision":0.7889908256880734,"recall":0.819047619047619,"f1-score":0.8037383177570094,"support":105},"ORG":{"f1-score":0.8226950354609929,"support":134,"precision":0.7837837837837838,"recall":0.8656716417910447},"PER":{"precision":0.9615384615384616,"recall":0.9124087591240876,"f1-score":0.9363295880149812,"support":137},"micro avg":{"precision":0.8419182948490231,"recall":0.8909774436090225,"f1-score":0.8657534246575342,"support":532},"macro avg":{"precision":0.8423850859343979,"recall":0.8848589280676109,"f1-score":0.8620762774769206,"support":532},"weighted avg":{"f1-score":0.866645469901437,"support":532,"precision":0.8456715930460499,"recall":0.8909774436090225},"LOC":{"f1-score":0.8855421686746987,"support":156,"precision":0.8352272727272727,"recall":0.9423076923076923}},"eval/steps_per_second":0.706,"train_loss":0.12483436384318787,"train_runtime":3470.7595,"train/loss":0.0197,"train_samples_per_second":3.711,"train/grad_norm":1.7069023847579956,"eval/accuracy":0.9726153846153847,"train/global_step":405,"acc":0.9726153846153847,"eval/recall":0.8909774436090225,"_wandb":{"runtime":3471},"_timestamp":1.7535496584635348e+09,"_runtime":3471,"eval/report":{"PER":{"recall":0.9124087591240876,"f1-score":0.9363295880149812,"support":137,"precision":0.9615384615384616},"micro avg":{"f1-score":0.8657534246575342,"support":532,"precision":0.8419182948490231,"recall":0.8909774436090225},"macro avg":{"precision":0.8423850859343979,"recall":0.8848589280676109,"f1-score":0.8620762774769206,"support":532},"weighted avg":{"f1-score":0.866645469901437,"support":532,"precision":0.8456715930460499,"recall":0.8909774436090225},"LOC":{"recall":0.9423076923076923,"f1-score":0.8855421686746987,"support":156,"precision":0.8352272727272727},"MISC":{"recall":0.819047619047619,"f1-score":0.8037383177570094,"support":105,"precision":0.7889908256880734},"ORG":{"support":134,"precision":0.7837837837837838,"recall":0.8656716417910447,"f1-score":0.8226950354609929}},"total_flos":4.206991885824e+14,"train/epoch":5,"_step":18,"eval/precision":0.8456715930460499,"eval/runtime":25.5035,"train_steps_per_second":0.233,"eval/samples_per_second":10.822,"eval/f1":0.866645469901437}