{"eval/steps_per_second":0.652,"eval/precision":0.8200098623053268,"eval/loss":0.13576745986938477,"train_steps_per_second":0.186,"eval/runtime":27.5916,"train/loss":0.0067,"total_flos":5.0483902629888e+14,"train_samples_per_second":2.962,"train/grad_norm":0.14354485273361206,"_runtime":4348,"acc":0.9696132596685083,"train/learning_rate":8.913580246913581e-06,"train/epoch":6,"_step":21,"report":{"weighted avg":{"precision":0.8200098623053268,"recall":0.8834586466165414,"f1-score":0.8499139316926128,"support":532},"LOC":{"f1-score":0.8944099378881989,"support":156,"precision":0.8674698795180723,"recall":0.9230769230769231},"MISC":{"recall":0.8666666666666667,"f1-score":0.794759825327511,"support":105,"precision":0.7338709677419355},"ORG":{"precision":0.7297297297297297,"recall":0.8059701492537313,"f1-score":0.7659574468085106,"support":134},"PER":{"f1-score":0.9236363636363637,"support":137,"precision":0.9202898550724637,"recall":0.927007299270073},"micro avg":{"precision":0.8159722222222222,"recall":0.8834586466165414,"f1-score":0.8483754512635379,"support":532},"macro avg":{"recall":0.8806802595668485,"f1-score":0.844690893415146,"support":532,"precision":0.8128401080155504}},"train_loss":0.10712570172769052,"eval/report":{"MISC":{"f1-score":0.794759825327511,"support":105,"precision":0.7338709677419355,"recall":0.8666666666666667},"ORG":{"f1-score":0.7659574468085106,"support":134,"precision":0.7297297297297297,"recall":0.8059701492537313},"PER":{"f1-score":0.9236363636363637,"support":137,"precision":0.9202898550724637,"recall":0.927007299270073},"micro avg":{"precision":0.8159722222222222,"recall":0.8834586466165414,"f1-score":0.8483754512635379,"support":532},"macro avg":{"precision":0.8128401080155504,"recall":0.8806802595668485,"f1-score":0.844690893415146,"support":532},"weighted avg":{"precision":0.8200098623053268,"recall":0.8834586466165414,"f1-score":0.8499139316926128,"support":532},"LOC":{"recall":0.9230769230769231,"f1-score":0.8944099378881989,"support":156,"precision":0.8674698795180723}},"eval/recall":0.8834586466165414,"train_runtime":4348.0658,"eval/samples_per_second":10.003,"eval/f1":0.8499139316926128,"_timestamp":1.7534340770665982e+09,"_wandb":{"runtime":4348},"eval/accuracy":0.9696132596685083,"train/global_step":486}