{"report":{"LOC":{"f1-score":0.7409470752089137,"support":156,"precision":0.6551724137931034,"recall":0.8525641025641025},"MISC":{"recall":0.5714285714285714,"f1-score":0.48000000000000004,"support":105,"precision":0.41379310344827586},"ORG":{"recall":0.48507462686567165,"f1-score":0.4659498207885305,"support":134,"precision":0.4482758620689655},"PER":{"recall":0.9051094890510949,"f1-score":0.8794326241134751,"support":137,"precision":0.8551724137931035},"micro avg":{"recall":0.7180451127819549,"f1-score":0.652991452991453,"support":532,"precision":0.5987460815047022},"macro avg":{"f1-score":0.6415823800277298,"support":532,"precision":0.593103448275862,"recall":0.7035441974773601},"weighted avg":{"precision":0.6069224786103189,"recall":0.7180451127819549,"f1-score":0.6558407692139092,"support":532}},"_wandb":{"runtime":738},"_runtime":738,"_timestamp":1.753429572751092e+09,"train/learning_rate":1.8790123456790124e-05,"train/global_step":50,"train/grad_norm":1.9682408571243286,"train/loss":0.6289,"_step":1,"train/epoch":0.6172839506172839}