{"_step":10,"train_samples_per_second":5.751,"_wandb":{"runtime":2240},"train/global_step":243,"_timestamp":1.753441323339935e+09,"eval/accuracy":0.9686924493554327,"eval/samples_per_second":8.117,"eval/runtime":34.0021,"train/learning_rate":1.5086419753086421e-05,"eval/precision":0.8429132577273818,"train_runtime":2239.5699,"eval/report":{"LOC":{"support":156,"precision":0.8827160493827161,"recall":0.9166666666666666,"f1-score":0.8993710691823898},"MISC":{"recall":0.7619047619047619,"f1-score":0.7547169811320754,"support":105,"precision":0.7476635514018691},"ORG":{"recall":0.8731343283582089,"f1-score":0.8268551236749117,"support":134,"precision":0.785234899328859},"PER":{"recall":0.927007299270073,"f1-score":0.927007299270073,"support":137,"precision":0.927007299270073},"micro avg":{"recall":0.8778195488721805,"f1-score":0.8592456301747929,"support":532,"precision":0.8414414414414414},"macro avg":{"recall":0.8696782640499275,"f1-score":0.8519876183148625,"support":532,"precision":0.8356554498458793},"weighted avg":{"precision":0.8429132577273818,"recall":0.8778195488721805,"f1-score":0.8596724744055618,"support":532}},"train_steps_per_second":0.362,"report":{"ORG":{"support":134,"precision":0.785234899328859,"recall":0.8731343283582089,"f1-score":0.8268551236749117},"PER":{"recall":0.927007299270073,"f1-score":0.927007299270073,"support":137,"precision":0.927007299270073},"micro avg":{"precision":0.8414414414414414,"recall":0.8778195488721805,"f1-score":0.8592456301747929,"support":532},"macro avg":{"f1-score":0.8519876183148625,"support":532,"precision":0.8356554498458793,"recall":0.8696782640499275},"weighted avg":{"support":532,"precision":0.8429132577273818,"recall":0.8778195488721805,"f1-score":0.8596724744055618},"LOC":{"precision":0.8827160493827161,"recall":0.9166666666666666,"f1-score":0.8993710691823898,"support":156},"MISC":{"precision":0.7476635514018691,"recall":0.7619047619047619,"f1-score":0.7547169811320754,"support":105}},"train/loss":0.0376,"train/grad_norm":1.9088010787963867,"total_flos":2.5241951314944e+14,"eval/recall":0.8778195488721805,"acc":0.9686924493554327,"eval/loss":0.11812525242567062,"train/epoch":3,"eval/steps_per_second":0.529,"_runtime":2240,"eval/f1":0.8596724744055618,"train_loss":0.12320998764823003}