{"train/loss":0.0135,"train_loss":0.0690011974527604,"eval/f1":0.8715135224824688,"_timestamp":1.75386879234067e+09,"train/epoch":6,"_runtime":5296,"eval/recall":0.8928571428571429,"train/grad_norm":0.5464836955070496,"eval/samples_per_second":9.286,"train_samples_per_second":2.891,"acc":0.97268262737876,"train/global_step":576,"eval/accuracy":0.97268262737876,"eval/loss":0.11205948889255524,"report":{"ORG":{"recall":0.8731343283582089,"f1-score":0.8447653429602888,"support":134,"precision":0.8181818181818182},"PER":{"recall":0.927007299270073,"f1-score":0.9372693726937269,"support":137,"precision":0.9477611940298507},"micro avg":{"recall":0.8928571428571429,"f1-score":0.8707607699358387,"support":532,"precision":0.8497316636851521},"macro avg":{"support":532,"precision":0.8455151817589968,"recall":0.8863907182623818,"f1-score":0.8650781919692556},"weighted avg":{"recall":0.8928571428571429,"f1-score":0.8715135224824688,"support":532,"precision":0.8519383061515784},"LOC":{"precision":0.863905325443787,"recall":0.9358974358974359,"f1-score":0.8984615384615384,"support":156},"MISC":{"support":105,"precision":0.7522123893805309,"recall":0.8095238095238095,"f1-score":0.7798165137614679}},"_wandb":{"runtime":5296},"train_runtime":5295.2575,"_step":23,"train/learning_rate":8.5625e-06,"eval/runtime":29.7232,"eval/steps_per_second":0.606,"eval/precision":0.8519383061515784,"train_steps_per_second":0.181,"total_flos":6.0008427737856e+14,"eval/report":{"micro avg":{"precision":0.8497316636851521,"recall":0.8928571428571429,"f1-score":0.8707607699358387,"support":532},"macro avg":{"precision":0.8455151817589968,"recall":0.8863907182623818,"f1-score":0.8650781919692556,"support":532},"weighted avg":{"recall":0.8928571428571429,"f1-score":0.8715135224824688,"support":532,"precision":0.8519383061515784},"LOC":{"precision":0.863905325443787,"recall":0.9358974358974359,"f1-score":0.8984615384615384,"support":156},"MISC":{"f1-score":0.7798165137614679,"support":105,"precision":0.7522123893805309,"recall":0.8095238095238095},"ORG":{"support":134,"precision":0.8181818181818182,"recall":0.8731343283582089,"f1-score":0.8447653429602888},"PER":{"f1-score":0.9372693726937269,"support":137,"precision":0.9477611940298507,"recall":0.927007299270073}}}